{
    "change_options_k": "Um Optionen zu ändern (von denen alle außer der Keyframe-Datei optional sind), den jeweils angezeigten Knopf drücken. Wenn Sie fertig sind, drücken Sie Enter.",
    "current_arg_values": "Bereits geänderte Argumente:",
    "enter_file_path": "Bitte geben Sie den Pfad zu der zu konvertierenden Datei ein (inklusive Dateinamenendung, wenn vorhanden)",
    "review_settings": "Dies sind die Einstellungen, die Sie gewählt haben. Wenn Sie mit diesen fortfahren möchten, drücken Sie Enter. Wenn nicht, schließen Sie das Programm (Q oder Strg+C)",
    "r_s_mode": "Modus:",
    "r_s_args": "Veränderte Argumente:",
    "r_s_file": "Gewählte Datei:",
    "file_not_found": "Datei existiert nicht!",
    "keyframes_file_needed": "Das Keyframe-Argument muss gesetzt werden.",
    "warning_template": "[WARNUNG] %s",
    "error_template": "[FEHLER] %s",
    "parsing_keyframes": "Lese Keyframes-Datei {file}...",
    "load_mode_failed": "Laden des Modus \"{mode}\" schlug fehl",
    "illegal_argument": "Nicht erlaubtes Argument: {arg}",
    "arg_cannot_be_set": "Argument {arg} kann nicht gesetzt werden.",
    "no_mode_selected": "Kein Modus ausgewählt, verwende Standard \"{default}\"",
    "no_video_file": "Kein Eingabe-Video gegeben.",
    "video_file_not_found": "Video-Datei nicht gefunden: \"{file}\"",
    "info2": "Auflösung ist {w]x{h}.\nBildrate ist {framerate} ({decframerate}).\nBitrate des Input-Videos ist {bitrate}.",
    "config_header": "=========Konfiguration========",
    "config_footer": "==============================",
    "config_mode_list": "Modi: {modes}",
    "bounce_speed": "Springgeschwindigkeit: {tempo} mal je Sekunde",
    "rotate_speed": "Drehgeschwindigkeit: {angle}° je Sekunde",
    "keyframe_file": "Keyframes-Datei: {file}",
    "output_bitrate": "Ausgabe-Bitrate: {bitrate}",
    "splitting_audio": "Trenne Audio in temporäre Datei...",
    "no_audio": "Kein Audio erkannt.",
    "splitting_frames": "Trenne Datei in Einzelbilder...",
    "starting_conversion": "Konvertiere Einzelbilder zu WebM-Dateien...",
    "done_conversion": "Konvertierte erfolgreich alle {framecount} Bilder in {time}ms",
    "writing_concat_file": "Schreibe Konkatenationsdatei...",
    "concatenating": "Ziehe Segmente in finale WebM-Datei zusammen",
    "concatenating_audio": "Ziehe Segmente und Audio in finale WebM-Datei zusammen",
    "select_mode_arrows": "Zu verwendenden Modus über die Pfeiltasten auswählen, dann mit Enter bestätigen.",
    "change_options": "Um Optionen zu ändern (von denen alle optional sind), den jeweils angezeigten Knopf drücken. Wenn Sie fertig sind, drücken Sie Enter.",
    "enter_arg_value": "Bitte geben Sie ihren gewünschten Wert für das Argument \"{arg}\" ein und drücken sie Enter zum bestätigen oder Escape zum Abbrechen.",
    "tui_done": "Fertig! Drücken Sie eine beliebige Taste, um das Interface zu schließen.",
    "flag_locale_desc": "Setzt die verwendete Sprache",
    "kf_file_not_found": "Keyframes-Datei {file} wurde nicht gefunden.",
    "kf_file_required": "Keyframes-Datei benötigt, jedoch keine gegeben.",
    "info1": "Eingabe-Datei: {video}.\nVerwende minimale Breite/Höhe von {delta]px.\nExtrahiere nötige Informationen aus dem Video...",
    "creating_temp_dirs": "Erstelle temporäre Ordner...",
    "convert_progress": "Konvertiere {framecount} Bilder zu WebM ({batch_size} Bilder, von {startframe} bis {endframe}) - {percent}%",
    "done_removing_temp": "Fertig!\nEntferne temporäre Dateien...",
    "error_during_update": "Ein Fehler ist beim Versuch, nach Updates zu suchen, aufgetreten: {error}",
    "no_translation": "NICHT ÜBERSETZTER TEXT",
    "newer_version_available": "Eine neuere Version ist verfügbar. Bitte ziehe in Betracht, zu updaten.",
    "excess_keyframes": "Überflüssiger Keyframe in Bild {time} gefunden!",
    "unrecognized_interpolation": "Nicht erkannter Interpolationsmodus \"{which}\" gefunden, verwende initiale Breite und Höhe.",
    "tui_error": "Der folgende Fehler trat während des Ausführens von WackyWebM auf. Drücken Sie eine beliebige Taste, um das Interface zu schließen.",
    "cli_crash": "Während des Bearbeitens ist der folgende Fehler aufgetreten:"
}
