{
    "bounce_speed": "Velocidad del \"Bounce\": {tempo} veces por segundo",
    "change_options_k": "Para cambiar cualquiera de las opciones (las cuales, excepto el archivo con los fotogramas clave, son todas opcionales), presiona el botón/tecla correspondiente. Cuando hayas terminado, presiona Enter.",
    "current_arg_values": "Valores actuales de los argumentos:",
    "keyframe_file": "Archivo de fotogramas clave: {file}",
    "review_settings": "Estos son los ajustes que has seleccionado. Si deseas continuar, presiona Enter. Si no, sal del programa (Q o Ctrl+C)",
    "r_s_mode": "Modo:",
    "r_s_args": "Argumentos Modificados:",
    "r_s_file": "Archivo Seleccionado:",
    "tui_done": "¡Hecho! Presiona cualquier tecla para cerrar esta interfaz.",
    "file_not_found": "¡El archivo seleccionado no existe!",
    "warning_template": "[ADVERTENCIA] %s",
    "error_template": "[ERROR] %s",
    "info2": "La resolución es {w}x{h}.\nLa tasa de fotogramas es {framerate} ({decframerate}).\nLa tasa de bits es {bitrate}.",
    "config_header": "============Configuración============",
    "config_footer": "==============================",
    "config_mode_list": "Modos: {modes}",
    "splitting_frames": "Separando archivo en fotogramas...",
    "load_mode_failed": "Modo: {mode} carga fallida",
    "flag_locale_desc": "Establece el lenguaje a usar",
    "arg_cannot_be_set": "El argumento {arg} no se puede establecer.",
    "no_mode_selected": "No se ha seleccionado ningún modo, se usará el modo por defecto \"{default}\"",
    "no_video_file": "No se ha especificado ningún archivo de vídeo.",
    "video_file_not_found": "No se ha encontrado el archivo de vídeo: \"{file}\"",
    "rotate_speed": "Velocidad de rotación: {angle}º por segundo",
    "output_bitrate": "Tasa de bits del archivo de salida: {bitrate}",
    "creating_temp_dirs": "Creando directorios temporales...",
    "splitting_audio": "Separando el audio a un archivo temporal...",
    "no_audio": "No se ha detectado audio.",
    "starting_conversion": "Convirtiendo fotogramas a webm...",
    "done_conversion": "Se han convertido correctamente todos los {framecount} fotogramas en {time}ms",
    "writing_concat_file": "Escribiendo el archivo de concatenado...",
    "concatenating": "Concatenando segmentos en el archivo webm final",
    "convert_progress": "Convirtiendo {framecount} fotogramas a webm (frames {startframe}-{endframe} / {batch_size}) - {percent}%",
    "concatenating_audio": "Concatenando segmentos y aplicando el audio al archivo webm final",
    "done_removing_temp": "¡Hecho!\nEliminando archivos temporales...",
    "error_during_update": "Ha ocurrido un error al intentar comprobar las actualizaciones: {error}",
    "newer_version_available": "Se encuentra disponible una versión más reciente. Se recomienda actualizar.",
    "kf_file_required": "Se requiere un archivo con fotogramas clave, el cuál no se ha introducido.",
    "select_mode_arrows": "Selecciona el modo a usar con las flechas del teclado. Una vez seleccionado, presiona Enter para confirmar.",
    "excess_keyframes": "¡Se han encontrado multiples fotogramas clave en el fotograma {time}!",
    "unrecognized_interpolation": "No se reconoce el modo de interpolación {which}, usando el ancho/alto inicial.",
    "change_options": "Para cambiar cualquier opción (las cuales son todas opcionales), presiona el botón/tecla correspondiente. Cuando hayas terminado, presiona Enter.",
    "enter_arg_value": "Por favor, introduce tu valor deseado para el argumento \"{arg}\", luego presiona Enter para confirmar. Escape para cancelar.",
    "enter_file_path": "Por favor, introduce la ruta hacia el archivo que quieras convertir (incluyendo el nombre del archivo y, a ser posible, la extensión del mismo)",
    "keyframes_file_needed": "Es necesario que establezcas el argumento de los fotogramas clave.",
    "parsing_keyframes": "Analizando el archivo con los fotogramas clave {file}...",
    "illegal_argument": "Argumento inválido: {arg}",
    "kf_file_not_found": "El archivo con los fotogramas clave {file} no se ha encontrado.",
    "info1": "Archivo seleccionado: {video}.\nUsando resolución mínima (ancho/alto {delta}px)\nExtrayendo la información necesaria del archivo...",
    "no_translation": "LÍNEA SIN TRADUCIR"
}
