{
    "select_mode_arrows": "Sélectionnez le mode à utiliser avec les flèches directionnelles, puis appuyez sur entrée pour confirmer.",
    "no_mode_selected": "Aucun mode sélectionné, le mode par défaut \"{default}\" est utilisé.",
    "kf_file_not_found": "Le fichier Keyframe {file} n'a pas été trouvé.",
    "no_video_file": "Aucun fichier vidéo d'entrée n'a été donné.",
    "video_file_not_found": "Fichier vidéo introuvable: \"{file}\"",
    "info2": "Résolution: {w}x{h}\nFréquence d'images: {framerate} ({decframerate}).\nDébit binaire: {bitrate}.",
    "config_header": "============Configuration============",
    "config_footer": "==============================",
    "config_mode_list": "Modes: {modes}",
    "bounce_speed": "Vitesse de rebond: {tempo} fois par seconde",
    "rotate_speed": "Vitesse de rotation: {angle}° par seconde",
    "keyframe_file": "Fichier Keyframe: {file}",
    "creating_temp_dirs": "Création de répertoires temporaires...",
    "splitting_audio": "Fractionnement de l'audio dans un fichier temporaire...",
    "no_audio": "Pas d'audio détecté.",
    "starting_conversion": "Conversion des images en webm...",
    "change_options_k": "Pour changer les options (qui sont, sauf le fichier \"keyframe\", toutes optionnelles), appuyez sur le bouton correspondant. Une fois terminé, appuyez sur entrée.",
    "change_options": "Pour changer les options (qui sont toutes optionnelles), appuyez sur le bouton correspondant. Une fois terminé, appuyez sur entrée.",
    "enter_arg_value": "Entrez la valeur désirée pour l'argument \"{arg}\", puis appuyez sur entrer pour confirmer. Échap pour annuler.",
    "enter_file_path": "Entrez le chemin d'accès du fichier que vous souhaitez convertir (inclure le nom du fichier, et si possible, son extension)",
    "review_settings": "Voici les paramètres sélectionnés. Pour commencer la conversion, appuyez sur entrée. Sinon, quittez le programme (Q ou Ctrl+C)",
    "r_s_mode": "Mode:",
    "r_s_args": "Arguments modifiés:",
    "r_s_file": "Fichier sélectionné:",
    "tui_done": "Terminé ! Appuyez sur n'importe quelle touche pour fermer cette interface.",
    "file_not_found": "Ce fichier n'existe pas !",
    "keyframes_file_needed": "Vous devez définir l'argument \"Keyframes\".",
    "warning_template": "[ATTENTION] %s",
    "error_template": "[ERREUR] %s",
    "parsing_keyframes": "Analyse du fichier \"Keyframe\" {file}...",
    "load_mode_failed": "mode: {mode} chargement échoué",
    "flag_locale_desc": "Définit la langue utilisée",
    "illegal_argument": "Argument invalide: {arg}",
    "arg_cannot_be_set": "L'argument {arg} ne peux pas être utilisé.",
    "output_bitrate": "Débit binaire de sortie: {bitrate}",
    "current_arg_values": "valeurs des arguments utilisés:",
    "done_conversion": "Conversion des {framecount} images effectuée en {time}ms",
    "writing_concat_file": "Écriture du fichier de fusion...",
    "concatenating": "Fusionnement des segments dans le fichier webm final",
    "done_removing_temp": "Terminé!\nSuppression des fichiers temporaires...",
    "error_during_update": "Une erreur s'est produite lors de la tentative de vérification de mises a jour: {error}",
    "excess_keyframes": "Excès d'image clés trouvé à l'image {time}!",
    "unrecognized_interpolation": "Mode d'interpolation {which} non reconnu, utilisation largeur/hauteur initiale.",
    "kf_file_required": "Le fichier \"Keyframe\" est nécessaire, or aucun n'a été donné.",
    "info1": "Vidéo d'entrée: {video}.\nlargeur/hauteur {delta}pixels minimum utilisée.\nExtraction des infos fichiers nécessaires...",
    "splitting_frames": "Fractionnement du fichier en images...",
    "convert_progress": "Conversion de {framecount} images en webm (images {startframe}-{endframe} / {batch_size}) - {percent}%",
    "concatenating_audio": "Fusionnement des segments et ajout de l'audio au fichier webm final",
    "newer_version_available": "Une nouvelle version est disponible, veuillez mettre a jour votre logiciel.",
    "no_translation": "TEXTE NON TRADUIT"
}
