{
    "no_translation": "LIÑA SEN TRADUCIR",
    "select_mode_arrows": "Selecciona o modo a usar coas frechas do teclado, logo presione Enter para confirmar.",
    "change_options_k": "Para cambiar calquera das opcións (todas son opcionais excepto o archivo contendo os fotogramas clave), preme o botón correspondente. Cando haxas terminado, preme Enter.",
    "change_options": "Para cambiar calquera das opcións (todas son opcionais), preme o botón correspondente. Cando haxas finalizado, preme Enter.",
    "current_arg_values": "valores de argumento establecidos:",
    "enter_arg_value": "Por favor introduza o valor que desexas para o argumento \"{arg}\", despois preme Enter para confirmar. Escape para cancelar.",
    "kf_file_required": "Requirese un arquivo con fotogramas clave, pero non foi introducido.",
    "no_video_file": "Non se especificou ningún arquivo de vídeo.",
    "no_mode_selected": "Non se seleccionou ningún modo, vaise usar o modo por defecto \"{default}\"",
    "info1": "Arquivo seleccionado: {video}.\nUsando resolución mínima (ancho/alto {delta}px)\nExtraíndo a información necesaria do arquivo...",
    "info2": "A resolución é {w}x{h}.\nA tasa de fotogramas é {framerate} ({decframerate}).\nA tasa de bits é {bitrate}.",
    "config_header": "============Configuración============",
    "config_footer": "==============================",
    "config_mode_list": "Modos: {modes}",
    "bounce_speed": "Velocidade do \"Bounce\": {tempo} veces por segundo",
    "rotate_speed": "Velocidade de rotación: {angle}º por segundo",
    "keyframe_file": "Arquivo de fotogramas clave: {file}",
    "output_bitrate": "Tasa de bits do arquivo de salida: {bitrate}",
    "creating_temp_dirs": "Creando directorios temporais...",
    "splitting_audio": "Separando o audio a un arquivo temporal...",
    "no_audio": "Non se detectou audio.",
    "splitting_frames": "Separando arquivo en fotogramas...",
    "starting_conversion": "Convertindo fotogramas a webm...",
    "convert_progress": "Convertindo {framecount} fotogramas a webm (frames {startframe}-{endframe} / {batch_size}) - {percent}%",
    "done_conversion": "Convertíronse correctamente todos os {framecount} fotogramas en {time}ms",
    "writing_concat_file": "Escribindo o arquivo de concatenado...",
    "concatenating": "Concatenando segmentos no arquivo webm final",
    "concatenating_audio": "Concatenando segmentos e aplicando o audio ao arquivo webm final",
    "done_removing_temp": "Feito!\nEliminando arquivos temporais...",
    "error_during_update": "Ocurriu un erro ao intentar comprobar as actualizacións: {error}",
    "newer_version_available": "Hay unha nova versión dispoñible. Recomendase actualizar.",
    "excess_keyframes": "Encontraronse múltiples fotogramas clave no fotograma {time}!",
    "kf_file_not_found": "O arquivo cos fotogramas clave {file} non foi encontrado.",
    "video_file_not_found": "Non se encontrou o arquivo de vídeo: \"{file}\"",
    "unrecognized_interpolation": "Non se recoñece o modo de interpolación {which}, usando o ancho/alto inicial.",
    "enter_file_path": "Por favor introduza á ruta do arquivo que queiras convertir (incluindo o nome do arquivo e, a ser posible, extensión)",
    "review_settings": "Estes son os axustes que has elexido. Se desexas proceder, preme Enter. Se non, podes saír do programa (Q ou Ctrl+C)",
    "r_s_mode": "Modo:",
    "r_s_args": "Argumentos modificados:",
    "r_s_file": "Arquivo seleccionado:",
    "tui_done": "Feito! Preme calquera tecla para pechar esta interface.",
    "file_not_found": "O arquivo non existe!",
    "keyframes_file_needed": "Tes que introducir o argumento dos fotogramas clave.",
    "warning_template": "[AVISO] %s",
    "error_template": "[ERRO] %s",
    "parsing_keyframes": "Analizando o arquivo cos fotogramas clave {file}...",
    "load_mode_failed": "Modo: {mode} carga fallida",
    "flag_locale_desc": "Establece a linguaxe a usar",
    "illegal_argument": "Argumento inválido: {arg}",
    "arg_cannot_be_set": "O argumento {arg} non se pode establecer."
}
