{
    "enter_file_path": "Kérjük, adja meg a konvertálni kívánt fájl elérési útvonalát (beleértve a fájl nevét és adott esetben a kiterjesztést)",
    "r_s_mode": "Mód:",
    "r_s_args": "Módosított érvek:",
    "r_s_file": "Kiválasztott fájl:",
    "tui_done": "Kész! Nyomja meg bármelyik billentyűt a felület bezárásához.",
    "file_not_found": "A fájl nem létezik!",
    "keyframes_file_needed": "Be kell állítania a kulcskockák argumentumot.",
    "warning_template": "[FIGYELMEZTETÉS] %s",
    "error_template": "[HIBA] %s",
    "parsing_keyframes": "Kulcskockafájl elemzése {file}...",
    "load_mode_failed": "mód: {mode} betöltés sikertelen",
    "flag_locale_desc": "A használt nyelv beállítása",
    "illegal_argument": "Illegális érv: {arg}",
    "arg_cannot_be_set": "Az {arg} argumentumot nem lehet beállítani.",
    "no_mode_selected": "Nincs üzemmód kiválasztva, az alapértelmezett \"{default}\" használatakor",
    "kf_file_required": "KeyFrame file {file} nem található.",
    "no_video_file": "Nem adott meg bemeneti videófájlt.",
    "video_file_not_found": "Videofájl nem található: \"{file}\"",
    "info2": "A felbontás {w}x{h}.\nA képfrissítési sebesség {framerate} ({decframerate}).\nA bemeneti bitráta {bitrate}.",
    "config_header": "============Config============",
    "config_footer": "==============================",
    "config_mode_list": "Módok: {modes}",
    "bounce_speed": "Pattogási sebesség: {tempó} másodpercenként",
    "no_translation": "LEFORDÍTATLAN KARAKTERLÁNC",
    "select_mode_arrows": "Válassza ki a használni kívánt módot a nyílbillentyűkkel, majd nyomja meg az enter billentyűt a megerősítéshez.",
    "change_options": "Bármelyik opció megváltoztatásához (amelyek mindegyike opcionális), nyomja meg a megfelelő gombot. Ha végzett, nyomja meg az enter gombot.",
    "change_options_k": "Bármelyik opció megváltoztatásához (a kulcskocka fájl kivételével mindegyik opcionális) nyomja meg a megfelelő gombot. Ha végzett, nyomja meg az enter gombot.",
    "current_arg_values": "az aktuálisan beállított argumentumértékek:",
    "enter_arg_value": "Kérjük, adja meg a kívánt értéket a \"{arg}\" argumentumhoz, majd nyomja meg az enter billentyűt a megerősítéshez. A Cancel (Törlés) billentyűvel lépjen ki.",
    "review_settings": "Ezek a kiválasztott beállítások. Ha folytatni szeretné, nyomja meg az Entert. Ha nem, lépjen ki a programból (Q vagy Ctrl+C)",
    "kf_file_not_found": "KeyFrame file {file} nem található.",
    "info1": "Bemeneti fájl: {video}.\nMinimális w/h {delta}px használata.\nSzükséges bemeneti fájl információk kinyerése..."
}
