{
    "change_options_k": "オプション（キーフレームファイル以外はすべてオプション）を変更する場合は、対応するボタンを押します。終了したら、エンターキーを押して確定します。",
    "parsing_keyframes": "キーフレームファイル {file} のパース中...",
    "info1": "ファイル: {video}.\n最小の w/h {delta}px を使用\n必要なファイル情報を抽出中...",
    "change_options": "オプションを変更するには（すべてオプション）、対応するボタンを押します。完了したら、エンターキーを押して確定します。",
    "current_arg_values": "現在設定されている引数の値:",
    "enter_arg_value": "引数 \"{arg}\" に希望の値を入力し、エンターキーを押して確定してください。ESCキーを押すとキャンセルします。",
    "r_s_mode": "モード:",
    "r_s_args": "修正された引数:",
    "r_s_file": "選択したファイル:",
    "tui_done": "完了しました！ いずれかのキーを押して、このインターフェイスを閉じます。",
    "file_not_found": "ファイルが存在しません！",
    "keyframes_file_needed": "キーフレーム引数を設定する必要があります。",
    "warning_template": "[警告] %s",
    "flag_locale_desc": "使用言語を設定する",
    "illegal_argument": "不正な引数: {arg}",
    "arg_cannot_be_set": "引数 {arg} を設定することができません。",
    "kf_file_not_found": "キーフレームファイル {file} が見つかりませんでした。",
    "no_video_file": "動画ファイルが指定されていません。",
    "video_file_not_found": "動画ファイル \"{file}\" が見つかりません",
    "info2": "解像度は{w}x{h}です。\nフレームレートは{framerate} ({decframerate})です。\n入力ビットレートは{bitrate}です。",
    "config_header": "============ コンフィグ ============",
    "config_footer": "==============================",
    "config_mode_list": "モード: {modes}",
    "bounce_speed": "バウンス速度: {tempo}回/秒",
    "keyframe_file": "キーフレームファイル: {file｝",
    "output_bitrate": "出力ビットレート: {bitrate}",
    "creating_temp_dirs": "一時的なディレクトリの作成...",
    "no_audio": "音声が検出されませんでした。",
    "splitting_frames": "ファイルをフレームに分割中...",
    "enter_file_path": "変換したい動画ファイルのパスを入力してください（ファイル名と、場合によっては拡張子も必要です。）",
    "load_mode_failed": "モード: {mode}のロードに失敗しました",
    "rotate_speed": "回転速度：{angle}°/秒",
    "starting_conversion": "フレームをwebmに変換中...",
    "convert_progress": "{framecount} のフレームをwebmに変換中 (フレーム数 {startframe} - {endframe} / {batch_size})- {percent}%",
    "done_conversion": "{time}msで{framecount}の全フレームの変換に成功しました",
    "writing_concat_file": "コンカットファイルの書き込み中...",
    "concatenating": "セグメントを結合して最終的な webm ファイルにする",
    "concatenating_audio": "セグメントを連結し、最終的なwebmファイルにオーディオを適用中",
    "done_removing_temp": "完了！\n一時ファイルを削除中...",
    "error_during_update": "アップデートを確認中にエラーが発生しました: {error}",
    "newer_version_available": "より新しいバージョンをご利用いただけます。更新をご検討ください。",
    "unrecognized_interpolation": "認識できない補間モード {which} で、初期の 幅/高さ を使用しています。",
    "excess_keyframes": "フレーム {time} で余分なキーフレームが見つかりました！",
    "no_translation": "未翻訳の文字列",
    "review_settings": "選択した設定です。続行する場合は、エンターキーを押してください。そうでない場合は、プログラムを終了します（QまたはCtrl+C）",
    "no_mode_selected": "モードが選択されていないため、デフォルトの \"{default}\" を使用します",
    "splitting_audio": "オーディオを一時ファイルに分割中...",
    "select_mode_arrows": "矢印キーで使用するモードを選択し、エンターキーを押して確定します。",
    "error_template": "[エラー] %s",
    "kf_file_required": "キーフレームファイルが必要ですが、何も指定されていません。",
    "tui_error": "WackyWebMの実行中に次のエラーが発生しました。いずれかのキーを押して、このインターフェイスを閉じてください。",
    "cli_crash": "処理中に以下のエラーが発生しました:"
}
