{
    "keyframes_file_needed": "키프레임 인수를 설정하셔야 합니다.",
    "tui_done": "완료하였습니다! 아무 키나 눌리 이 인터페이스를 닫으세요.",
    "parsing_keyframes": "키프레임 파일 {file}을 분석중입니다...",
    "load_mode_failed": "모드: {mode} 로딩에 실패하였습니다",
    "arg_cannot_be_set": "인수 {arg}(이)가 설정 될 수 없습니다.",
    "kf_file_not_found": "키프레임 파일 {file}(을)를 찾을 수 없습니다.",
    "kf_file_required": "키프레임 파일이 필요하나 주어지질 않았습니다.",
    "video_file_not_found": "영상 파일 \"{file}\"(을)를 찾을 수 없습니다.",
    "info2": "해상도: {w}x{h}\n프레임: {framerate} ({decframerate})\n입력된 비트레이트: {bitrate}",
    "config_header": "============설정============",
    "config_footer": "==============================",
    "config_mode_list": "모드들: {modes}",
    "bounce_speed": "튀는 속도: 초당 {tempo}번",
    "rotate_speed": "회전 속도: 초당 {angle}°",
    "keyframe_file": "키프레임 파일: {file}",
    "output_bitrate": "출력 비트레이트: {bitrate}",
    "creating_temp_dirs": "임시 디렉터리들을 생성하는중입니다...",
    "no_audio": "오디오가 감지되지 않았습니다.",
    "splitting_frames": "파일을 프레임들로 분할중입니다...",
    "starting_conversion": "프레임들을 webm으로 변환하는중입니다...",
    "done_conversion": "모든 {framecount} 프레임들을 {time}ms에 성공적으로 변환하였습니다.",
    "writing_concat_file": "concat 파일 작성중...",
    "concatenating": "분할된 파일들을 최종 webm 파일로 연결중",
    "concatenating_audio": "분할된 파일들을 최종 webm 파일로 연결하고 오디오를 적용하는중",
    "done_removing_temp": "완료하였습니다!\n임시 파일들을 제거하는중입니다...",
    "error_during_update": "업데이트를 확인하는 도중 오류가 발생하였습니다: {error}",
    "newer_version_available": "새 버전이 사용 가능합니다. 업데이트 하시는것을 추천합니다.",
    "no_translation": "번역되지 않은 문자열",
    "select_mode_arrows": "사용하실 모드를 화살표 키를 이용해 움직이시고 엔터를 눌러 선택하세요.",
    "no_mode_selected": "모드가 설정되지 않았습니다. 기본값 \"{default}\"를 사용합니다.",
    "no_video_file": "입력할 영상 파일이 주어지지 않았습니다.",
    "info1": "입력 파일: {video}\n최소 너비/높이 {delta}px를 사용합니다.\n필요한 파일 정보를 추출중입니다...",
    "splitting_audio": "오디오를 임시 파일로 분할하는중입니다...",
    "convert_progress": "{framecount} 프레임들을 webm으로 변환하는 중입니다. (프레임 {startframe}-{endframe} / {batch_size}) - {percent}%",
    "change_options": "어떠한 옵션이든 변경하실 경우 (모두 선택적), 그와 해당하는 버튼을 누르세요.\n완료하셨다면 엔터를 누르세요.",
    "change_options_k": "어떠한 옵션이든 변경하실 경우 (키프레임 파일 제외모두 선택적), 그와 해당하는 버튼을 누르세요.\n완료하셨다면 엔터를 누르세요.",
    "current_arg_values": "현재 설정된 인수 값들:",
    "enter_arg_value": "인수 \"{arg}\"에 대해 원하시는 값을 입력하시고 엔터를 누르세요. ESC를 눌러 취소하세요.",
    "enter_file_path": "변환하고 싶은 파일의 경로를 입력해주세요. (파일 이름을 포함하시고 가능하면 확장자도 포함해주세요)",
    "review_settings": "현재 선택하신 설정들입니다. 진행하고 싶으시다면 엔터를 누르세요. 아니라면 프로그램을 종료하세요. (Q 또는 Ctrl + C를 누르세요.)",
    "r_s_mode": "모드:",
    "r_s_args": "변경된 인수들:",
    "r_s_file": "선택한 파일:",
    "file_not_found": "파일이 존재하지 않습니다!",
    "warning_template": "[경고] %s",
    "error_template": "[오류] %s",
    "flag_locale_desc": "사용 언어를 설정합니다",
    "illegal_argument": "잘못된 인수: {arg}",
    "excess_keyframes": "키프레임 초과가 {time}에서 발견되었습니다!",
    "unrecognized_interpolation": "알 수 없는 보간 모드 {which}, 초기 너비/높이를 사용합니다.",
    "tui_error": "WackyWebM을 실행하는 중 다음과 같은 오류가 발생했습니다. 아무 키나 눌러 이 인터페이스를 닫으세요.",
    "cli_crash": "진행 도중, 다음 오류가 발생했습니다:"
}
