{
	"no_translation": "untransletd strin",
	"select_mode_arrows": "Select Moed 2 ues wif teh arrow keyz, then pres entr 2 confirm.",
	"change_options": "2 chaneg any opshuns (all ov which r opshunal), pres teh corresponding button. When u r dun, pres entr.",
	"change_options_k": "2 chaneg any opshuns (all ov which except teh keyfraem fiel r opshunal), pres teh corresponding button. Srsly When u r dun, pres entr.",
	"current_arg_values": "currently set argument values:",
	"enter_arg_value": "plz entr ur desired value 4 teh argument \"{arg}\", then pres entr 2 confirm. Escaep 2 Cancel.",
	"enter_file_path": "plz entr teh path 2 teh fiel u wish 2 convert (includin fiel naym an, if applicabel, extension)",
	"review_settings": "thees r teh settingz u selectd. If u wantz 2 proced, pres entr. Srsly If not, exit teh program (Q or Ctrl+C)",
	"r_s_mode": "Moed:",
	"r_s_args": "modified Arguments:",
	"r_s_file": "selectd Fiel:",
	"tui_done": "dun! pres any key 2 cloes dis interfaec.",
	"file_not_found": "Fiel doez not exist!",
	"keyframes_file_needed": "u ned 2 set teh keyframes argument.",
	"warning_template": "[WARNING] %s",
	"error_template": "[ERROR] %s",
	"parsing_keyframes": "parsin Keyfraem Fiel {file}...",
	"load_mode_failed": "moed: {mode} load faild",
	"flag_locale_desc": "Sets teh usd languaeg",
	"illegal_argument": "Illegal argument: {arg}",
	"arg_cannot_be_set": "Argument {arg} cannot bees set.",
	"no_mode_selected": "No moed selectd, usin default \"{default}\"",
	"kf_file_not_found": "KeyFraem fiel {file} wuz not findz.",
	"kf_file_required": "KeyFraem fiel iz requird, but noen wuz given.",
	"no_video_file": "No input video fiel wuz given.",
	"video_file_not_found": "Video fiel not findz: \"{file}\"",
	"info1": "Input fiel: {video}.\nUsing minimum w/h {delta}px.\nExtracting necessawee input fiel inof...",
	"info2": "resolushun iz {w}x{h}.\nFrameraet iz {framerate} ({decframerate}).\nInput Bitraet iz {bitrate}.",
	"config_header": "============Config============",
	"config_footer": "==============================",
	"config_mode_list": "Moeds: {modes}",
	"bounce_speed": "Bounec sped: {tempo} tiems pah second",
	"rotate_speed": "rotashun sped: {angle}° pah second",
	"keyframe_file": "Keyfraem fiel: {file}",
	"output_bitrate": "Output Bitraet: {bitrate}",
	"creating_temp_dirs": "creatin temporawee directoriez...",
	"splitting_audio": "Splitting audio inot temporawee fiel...",
	"no_audio": "No audio detected.",
	"splitting_frames": "Splitting fiel inot framez...",
	"starting_conversion": "Converting framez 2 webm...",
	"convert_progress": "Converting {framecount} framez 2 webm (frames {startframe}-{endframe} / {batch_size}) - {percent}%",
	"done_conversion": "Successfully convertd all {framecount} framez in {time}ms",
	"writing_concat_file": "writin concat fiel...",
	"concatenating": "Concatenating segments inot final webm fiel",
	"concatenating_audio": "Concatenating segments an applying audio 2 final webm fiel",
	"done_removing_temp": "dun!\nRemoving temporawee filez...",
	"error_during_update": "An error has occured whiel attemptin 2 check 4 updatez: {error}",
	"newer_version_available": "newah vershun iz availabel. Srsly plz considr updating.",
	"excess_keyframes": "Excess KeyFraem findz at fraem {time}!",
	"unrecognized_interpolation": "Unrecognized interpolashun moed {which}, usin inishul width/heiet.",
	"tui_error": "teh followin error occurred whiel runnin WackyWebM *sadface*. pres any key 2 cloes dis interfaec.",
	"cli_crash": "Whiel processin, teh followin error occurred:"
}
