{
    "flag_locale_desc": "Ustawia używany język",
    "illegal_argument": "Niedozwolony argument: {arg}",
    "arg_cannot_be_set": "Nie można ustawić argumentu {arg}.",
    "kf_file_not_found": "Nie odnaleziono pliku {file} Klatki Kluczowej.",
    "config_header": "============Konfiguracja============",
    "config_footer": "==============================",
    "bounce_speed": "Szybkość Odbijania: {tempo} razy na sekundę",
    "video_file_not_found": "Nie znaleziono pliku wideo: \"{file}\"",
    "config_mode_list": "Tryby: {modes}",
    "splitting_audio": "Dzielenie dźwięku na plik tymczasowy...",
    "no_audio": "Nie wykryto dźwięku.",
    "splitting_frames": "Dzielenie pliku na klatki...",
    "starting_conversion": "Konwertowanie klatek na webm...",
    "output_bitrate": "Wyjściowa szybkość transmisji bitów: {bitrate}",
    "done_conversion": "Pomyślnie przekonwertowano wszystkie {framecount} klatek w {time}ms",
    "writing_concat_file": "Zapisywanie pliku concat...",
    "concatenating": "Łączenie segmentów w końcowy plik webm",
    "concatenating_audio": "Łączenie segmentów i aplikowanie dźwięku do końcowego pliku webm",
    "done_removing_temp": "Gotowe!\nUsuwanie plików tymczasowych...",
    "kf_file_required": "Plik Klatki Kluczowej jest wymagany lecz nie podano żadnego.",
    "convert_progress": "Konwertowanie {framecount} klatek na webm (klatki {startframe}-{endframe} / {batch_size}) - {percent}%",
    "error_during_update": "Wystąpił błąd podczas próby sprawdzenia dostępności aktualizacji: {error}",
    "newer_version_available": "Dostępna jest nowsza wersja. Rozważ aktualizację.",
    "unrecognized_interpolation": "Nierozpoznany tryb interpolacji {which}, używający początkowej szerokości/wysokości.",
    "excess_keyframes": "Znaleziono nadmierną Klatkę Kluczową w klatce {time}!",
    "no_video_file": "Nie podano wejściowego pliku wideo.",
    "select_mode_arrows": "Wybierz Tryb, którego chcesz używać za pomocą klawiszy strzałek, następnie wciśnij enter aby potwierdzić.",
    "change_options_k": "Aby zmienić jakąkolwiek z opcji (wszystkie poza plikiem klatki kluczowej są opcjonalne), wciśnij odpowiedni przycisk. Kiedy zakończysz, wciśnij enter.",
    "info1": "Plik wejściowy: {video}.\nUżywanie minimum w/h {delta}px.\nWyodrębnianie niezbędnych informacji o pliku wejściowym...",
    "rotate_speed": "Prędkość Obracania: {angle}° na sekundę",
    "enter_file_path": "Podaj ścieżkę do pliku, który chcesz przekonwertować (w tym nazwę pliku i , jeśli dotyczy, rozszerzenie)",
    "creating_temp_dirs": "Tworzenie katalogów tymczasowych...",
    "load_mode_failed": "tryb: ładowanie {mode} nie powiodło się",
    "info2": "Rozdzielczość wynosi {w}x{h}.\nLiczba klatek na sekundę to {framerate} ({decframerate}).\nWejściowa szybkość transmisji bitów to {bitrate}.",
    "no_translation": "NIEPRZETŁUMACZONY CIĄG",
    "change_options": "Aby zmienić jakąkolwiek opcję (wszystkie z nich są opcjonalne), wciśnij odpowiedni przycisk. Kiedy zakończysz, wciśnij enter.",
    "current_arg_values": "aktualnie ustawione wartości argumentów:",
    "enter_arg_value": "Podaj żądaną wartość argumentu \"{arg}\", następnie wciśnij enter aby potwierdzić. Wciśnij Escape aby anulować.",
    "no_mode_selected": "Nie wybrano trybu, używanie domyślnego trybu \"{default}\"",
    "keyframe_file": "Plik Klatki Kluczowej: {file}",
    "review_settings": "Oto wybrane przez ciebie ustawienia. Jeśli chcesz kontynuować, wciśnij Enter. Jeśli nie, wyjdź z programu (Q lub Ctrl+C)",
    "r_s_mode": "Tryb:",
    "r_s_args": "Zmodyfikowane Argumenty:",
    "r_s_file": "Wybrany Plik:",
    "tui_done": "Gotowe! Wciśnij dowolny przycisk aby zamknąć interfejs.",
    "file_not_found": "Ten plik nie istnieje!",
    "keyframes_file_needed": "Musisz ustawić argument klatki kluczowej.",
    "warning_template": "[OSTRZEŻENIE] %s",
    "error_template": "[BŁĄD] %s",
    "parsing_keyframes": "Parsowanie pliku klatki kluczowej {file}..."
}
