{
    "no_translation": "LINHA NÃO TRADUZIDA",
    "select_mode_arrows": "Selecione o modo para usar com as setas, depois aperte Enter para confirmar.",
    "concatenating_audio": "Concatenando segmentos e aplicando áudio para arquivo webm final",
    "unrecognized_interpolation": "Modo de interpolação {which} não reconhecido, usando resolução inicial.",
    "enter_arg_value": "Por favor insira o seu valor desejado para o argumento \"{arg}\", depois aperte Enter para confirmar. Escape para cancelar.",
    "change_options": "Para mudar quaisquer opções (na qual todas são opcionais), aperte o botão correspondente. Quando estiver pronto(a), aperte Enter.",
    "review_settings": "Essas são as configurações que você selecionou. Se gostaria de proceder, aperte Enter. Caso o contrário, saia do programa (Q ou Ctrl+C)",
    "r_s_mode": "Modo:",
    "r_s_file": "Arquivo selecionado:",
    "r_s_args": "Argumentos modificados:",
    "tui_done": "Pronto! Aperte qualquer tecla para fechar esta interface.",
    "starting_conversion": "Convertendo frames para webm...",
    "convert_progress": "Convertendo {framecount} frames para webm (frames {startframe}-{endframe} / {batch_size}) - {percent}%",
    "done_conversion": "Convertido todos {framecount} frames em {time}ms com sucesso",
    "writing_concat_file": "Escrevendo arquivo concat...",
    "concatenating": "Concatenando segmentos em arquivo webm final",
    "done_removing_temp": "Pronto!\nRemovendo arquivos temporários...",
    "error_during_update": "Um erro ocorreu tentando verificar por atualizações: {error}",
    "newer_version_available": "Uma nova versão está disponível. Por favor considere atualizar.",
    "excess_keyframes": "Quadros-chave em excesso encontrados em frame {time}!",
    "kf_file_not_found": "Arquivo de quadros-chave {file} não foi encontrado.",
    "kf_file_required": "Arquivo de quadros-chave é necessário, porém nenhum foi definido.",
    "info1": "Vídeo de entrada: {video}.\nUsando resolução mínima {delta}px.\nExtraindo informação necessária do vídeo de entrada...",
    "config_header": "============Configuração============",
    "bounce_speed": "Velocidade de saltos: {tempo} vez(es) por segundo",
    "file_not_found": "Arquivo não existe!",
    "keyframes_file_needed": "Você precisa definir o argumento dos quadros-chave.",
    "warning_template": "[AVISO] %s",
    "error_template": "[ERRO] %s",
    "parsing_keyframes": "Analisando arquivo de quadros-chave {file}...",
    "load_mode_failed": "modo: {mode} carregamento falhou",
    "flag_locale_desc": "Define o idioma usado",
    "illegal_argument": "Argumento ilegal: {arg}",
    "arg_cannot_be_set": "Argumento {arg} não pode ser definido.",
    "no_mode_selected": "Nenhum modo selecionado, usando padrão \"{default}\"",
    "no_video_file": "Nenhum vídeo de entrada foi definido.",
    "video_file_not_found": "Arquivo de vídeo não encontrado: \"{file}\"",
    "info2": "Resolução é {w}x{h}.\nTaxa de frames é {framerate} ({decframerate}).\nTaxa de bits de entrada é {bitrate}.",
    "config_mode_list": "Modos: {modes}",
    "rotate_speed": "Velocidade de rotação: {angle}° por segundo",
    "config_footer": "==============================",
    "keyframe_file": "Arquivo de quadros-chave: {file}",
    "output_bitrate": "Taxa de bits de saída: {bitrate}",
    "creating_temp_dirs": "Criando diretórios temporários...",
    "splitting_audio": "Dividindo áudio em um arquivo temporário...",
    "no_audio": "Nenhum áudio detectado.",
    "splitting_frames": "Dividindo arquivo em frames...",
    "current_arg_values": "valores de argumento atualmente definidos:",
    "enter_file_path": "Por favor insira o caminho para o arquivo que você deseja converter (incluindo o nome do arquivo, e, se aplicável, extensão)",
    "change_options_k": "Para mudar quaisquer opções (na qual todas, exceto a do arquivo dos quadros-chave, são opcionais), aperte o botão correspondente. Quando estiver pronto(a), aperte Enter."
}
