{
    "starting_conversion": "Конвертирование кадров в webm...",
    "done_conversion": "Успешно конвертировано все {framecount} кадров за {time}мс",
    "concatenating_audio": "Применение concat файла, и добавление звука к webm",
    "change_options_k": "Чтобы установить дополнительные опции (каждая из которой, кроме файла keyframe, является необязательной), нажми на соответствующую кнопку. Когда закончишь нажми ентер.",
    "current_arg_values": "установленные на данный момент доп. опции:",
    "enter_file_path": "Пожалуйста введи путь к файлу который нужно конвертировать (включая имя файли и, если имеется, его расширение)",
    "r_s_mode": "Режим:",
    "r_s_args": "Измененные Аргументы:",
    "r_s_file": "Выбранный Файл:",
    "tui_done": "Готово! Нажми на любую клавишу для закрытия.",
    "file_not_found": "Такого файла не существует!",
    "keyframes_file_needed": "Тебе нужно указать параметры для файла keyframes.",
    "error_template": "[ОШИБКА] %s",
    "parsing_keyframes": "Анализ файла keyframes {file}...",
    "flag_locale_desc": "Устанавливает нужный язык",
    "illegal_argument": "Неверный аргумент: {arg}",
    "no_mode_selected": "Не выбран режим, используется стандартный \"{default}\"",
    "kf_file_required": "Нужен файл ключевого кадра (keyframe), но он не указан.",
    "no_video_file": "Не указан файл видео.",
    "video_file_not_found": "Видео не найдено: \"{file}\"",
    "info2": "Разрешение видео: {w} на {h}.\nКадров в секунду: {framerate} ({decframerate}).\nИзначальный битрейт: {bitrate}.",
    "config_header": "========Конфигурация=========",
    "config_footer": "==============================",
    "config_mode_list": "Режимы: {modes}",
    "rotate_speed": "Скорость кручения: {angle}° в секунду",
    "keyframe_file": "Файл ключевого кадра (keyframe): {file}",
    "output_bitrate": "Выходной битрейт: {bitrate}",
    "no_audio": "Видео без звука.",
    "splitting_frames": "Извлечение кадров видео...",
    "convert_progress": "Конвертирую {framecount} кадр в webm (кадров {startframe}-{endframe} / {batch_size}) - {percent}%",
    "writing_concat_file": "Сохранение concat файла...",
    "concatenating": "Применение concat файла, и предварительное завершение создания webm",
    "done_removing_temp": "Готово!\nУдаление временных файлов...",
    "error_during_update": "Возникла ошибка при проверке обновлений: {error}",
    "newer_version_available": "Доступна новая версия. Пожалуйста обновитесь.",
    "excess_keyframes": "Обнаружен лишний ключевой кадр в файле keyframes, на кадре {time}!",
    "unrecognized_interpolation": "Нераспознанный режим интерполяции {which}, используется изначальная высота/ширина.",
    "warning_template": "[ПРЕДУПРЕЖДЕНИЕ] %s",
    "no_translation": "НЕПЕРЕВЕДЁННАЯ СТРОКА",
    "select_mode_arrows": "Выбери нужный режим стрелочками на клавиатуре, затем нажми на ентер для продолжения.",
    "change_options": "Чтобы установить дополнительные опции (каждая из которой является необязательной), нажми на соответствующую кнопку. Когда закончишь нажми ентер.",
    "enter_arg_value": "Введи желаемые параметры для \"{arg}\", и нажми ентер для подтверждения. Искейп для Отмены.",
    "review_settings": "Вот параметры которые ты выбрал. Если все верно, жми Ентер. Если нет, закрой программу и сделай все заново (Q или Ctrl+C)",
    "load_mode_failed": "режим: не удалось найти {mode}",
    "arg_cannot_be_set": "Данный аргумент ({arg}) не может быть установлен.",
    "kf_file_not_found": "Файл ключевого кадра (keyframe), {file}, не найден.",
    "info1": "Видео: {video}.\nИспользуется минимальная в/ш {delta}пикс.\nИзвлечение нужных данных о видео...",
    "bounce_speed": "Скорость отскакиваний: {tempo} раз в секунду",
    "creating_temp_dirs": "Создание временных директорий...",
    "splitting_audio": "Извлечение звука во временный файл...",
    "tui_error": "При запуске WackyWebM произошла следующая ошибка. Нажмите любую клавишу, чтобы закрыть этот интерфейс.",
    "cli_crash": "Во время обработки произошла следующая ошибка:"
}
