{
    "change_options_k": "Herhangi bir seçeneği değiştirmek için (ana kare dosyası dışında tümü isteğe bağlıdır), ilgili düğmeye basın. İşiniz bittiğinde enter'a basın.",
    "current_arg_values": "şu anda ayarlanmış argüman değerleri:",
    "enter_file_path": "Lütfen dönüştürmek istediğiniz dosyanın yolunu girin (dosya adı ve varsa uzantı dahil)",
    "review_settings": "Bunlar seçtiğiniz ayarlardır. Devam etmek istiyorsanız Enter'a basın. Değilse, programdan çıkın (Q veya Ctrl+C)",
    "r_s_mode": "Mod:",
    "r_s_args": "Değiştirilmiş Argümanlar:",
    "r_s_file": "Seçilen Dosya:",
    "tui_done": "Tamamlandı! Bu arayüzü kapatmak için herhangi bir tuşa basın.",
    "file_not_found": "Dosya bulunmuyor!",
    "warning_template": "[UYARI] %s",
    "error_template": "[HATA] %s",
    "parsing_keyframes": "{file} Ana Kare Dosyası ayrıştırılıyor...",
    "load_mode_failed": "mod: {mode} yükleme başarısız",
    "flag_locale_desc": "Kullanılan dili ayarla",
    "illegal_argument": "Geçersiz argüman: {arg}",
    "arg_cannot_be_set": "{arg} bağımsız değişkeni ayarlanamıyor.",
    "kf_file_not_found": "{file} KeyFrame dosyası bulunamadı.",
    "kf_file_required": "KeyFrame dosyası gerekli, ancak hiçbiri verilmedi.",
    "no_video_file": "Giriş video dosyası verilmedi.",
    "video_file_not_found": "Video dosyası bulunamadı: \"{file}\"",
    "info2": "Çözünürlük {w}x{h}.\nKare hızı {framerate} ({decframerate}).\nGiriş Bit Hızı {bitrate}.",
    "config_header": "=========Yapılandırma=========",
    "config_footer": "==============================",
    "config_mode_list": "Modlar: {modes}",
    "rotate_speed": "Dönme Hızı: Saniyede {angle}°",
    "keyframe_file": "Keyframe dosyası: {file}",
    "output_bitrate": "Çıkış Bit Hızı: {bit hızı}",
    "creating_temp_dirs": "Geçici dizinler oluşturuluyor...",
    "splitting_audio": "Ses geçici bir dosyaya bölünüyor...",
    "no_audio": "Ses algılanmadı.",
    "splitting_frames": "Dosyayı çerçevelere bölünüyor...",
    "starting_conversion": "Çerçeveleri webm'ye dönüştürüyor...",
    "done_conversion": "Tüm {framecount} kareleri {time}ms cinsinden başarıyla dönüştürdü",
    "writing_concat_file": "Concat dosyası yazılıyor...",
    "concatenating": "Segmentleri son webm dosyasında birleştiriliyor",
    "concatenating_audio": "Segmentleri birleştirme ve son webm dosyasına ses uygulanıyor",
    "done_removing_temp": "Tamamlandı!\nGeçici dosyalar kaldırılıyor...",
    "newer_version_available": "Daha yeni bir sürümü mevcut. Lütfen güncellemeyi düşünün.",
    "excess_keyframes": "{time} karesinde fazla KeyFrame bulundu!",
    "no_translation": "ÇEVİRİLMEMİŞ DİZİN",
    "change_options": "Herhangi bir seçeneği (tümü isteğe bağlıdır) değiştirmek için ilgili düğmeye basın. İşiniz bittiğinde enter'a basın.",
    "enter_arg_value": "Lütfen \"{arg}\" bağımsız değişkeni için istediğiniz değeri girin ve ardından onaylamak için enter tuşuna basın. İptal etmek için Escape tuşuna basın.",
    "keyframes_file_needed": "Anahtar kareler bağımsız değişkenini ayarlamanız gerekir.",
    "no_mode_selected": "Varsayılan \"{varsayılan}\" kullanılarak mod seçilmedi",
    "info1": "Giriş dosyası: {video}.\nMinimum w/h {delta}px kullanarak.\nGerekli girdi dosyası bilgileri ayıklanıyor...",
    "bounce_speed": "Sıçrama Hızı: Saniyede {tempo} kez",
    "convert_progress": "{framecount} kareyi webm'ye dönüştürülüyor (frames {startframe}-{endframe} / {batch_size}) - %{percent}",
    "error_during_update": "Güncellemeleri kontrol etmeye çalışırken bir hata oluştu: {error}",
    "unrecognized_interpolation": "Başlangıç genişliği/yüksekliği kullanılarak tanınmayan enterpolasyon modu {which}.",
    "select_mode_arrows": "Ok tuşlarıyla kullanılacak modu seçin, ardından onaylamak için enter tuşuna basın."
}
