{
    "select_mode_arrows": "Sewect Mode t-to use with the awwow keys, then pwess entew t-to confiwm.",
    "change_options": "To change any OwO options (aww of which awe optionyaw), pwess the cowwesponding button. When you awe donye, pwess entew.",
    "change_options_k": "To change any OwO options (aww of which except *huggles tightly* the keyfwame fiwe awe optionyaw), pwess the cowwesponding button. When you awe donye, pwess entew.",
    "current_arg_values": "cuwwentwy set awgument values:",
    "enter_arg_value": "Pwease entew youw desiwed vawue fow the awgument \"{arg}\", then pwess entew t-to confiwm. Escape t-to Cancew.",
    "no_translation": "UNTWANSWATED STWING",
    "enter_file_path": "Pwease entew the x3 path t-to the fiwe you wish t-to c-convewt (incwuding *whispers to self* fiwe nyame and, if appwicabwe, extension)",
    "r_s_mode": "Mode:",
    "r_s_args": "Modified >w< Arguments:",
    "r_s_file": "Sewected File:",
    "tui_done": "Donye?!! Pwess any key t-to cwose this intewface. OwO",
    "file_not_found": "Fiwe does nyot exist!!11",
    "keyframes_file_needed": "You nyeed t-to set the keyfwames a-awgument. x3",
    "warning_template": "[WARNING] %s",
    "error_template": "[ERROR] %s",
    "parsing_keyframes": "pawsing *boops your nose* Keyfwame Fiwe {file}..",
    "load_mode_failed": "mode: {mode} woad faiwed *sweats*",
    "flag_locale_desc": "Sets the used wanguage",
    "illegal_argument": "Iwwegaw argument: {arg}",
    "arg_cannot_be_set": "Awgument {arg} cannyot be set. ^w^",
    "kf_file_not_found": "KeyFwame fiwe {file} was nyot found.",
    "kf_file_required": "KeyFwame fiwe is wequiwed, but nyonye was given.",
    "no_video_file": "Nyo input v-v-video fiwe was given.",
    "video_file_not_found": "V-V-Video fiwe nyot found: \"{file}\"",
    "info2": "wesowution is {w}x{h}.\nFwamewate is {framerate} ({decframerate}).\nInput Bitwate is {bitrate}.",
    "config_header": "============Config============",
    "config_footer": "==============================",
    "config_mode_list": "Modes OwO: {modes}",
    "rotate_speed": "Wotation Speed: {angle}° pew second x3",
    "keyframe_file": "Keyfwame fiwe: {file}",
    "splitting_audio": "Spwitting audio into a tempowawy fiwe...",
    "no_audio": "Nyo audio detected. ÚwÚ",
    "splitting_frames": "Spwitting fiwe into fwames...",
    "starting_conversion": "Convewting fwames t-to webm...",
    "writing_concat_file": "Wwiting concat fiwe...",
    "done_conversion": "Successfuwwy convewted awll {framecount} fwames in {time}ms",
    "concatenating": "concatenyating s-segments into finyaw webm fiwe OwO",
    "concatenating_audio": "concatenyating s-segments and appwying audio t-to finyaw webm fiwe",
    "done_removing_temp": "Donye!\nWemoving tempowawy fiwes...",
    "error_during_update": "An ewwow has occuwed whiwe attempting t-to check fow updates: {error}",
    "newer_version_available": "A nyewew vewsion is avaiwabwe. Pwease considew updating. >w<",
    "excess_keyframes": "Excess KeyFwame found at fwame ;;w;; {time}?!?1",
    "unrecognized_interpolation": "unwecognyized intewpowation mode {which}, u-using inyitiaw width/height. (・`ω´・)",
    "no_mode_selected": "Nyo mode sewected, u-using defauwt \"{default}\"",
    "info1": "Input file: {video}.\nUsing minyimum w/h {delta}px.\nExtwacting nyecessawy input fiwe info...",
    "bounce_speed": "Bounce Speed: {tempo} times pew second UwU",
    "output_bitrate": "Output Bitwate: {bitrate}",
    "creating_temp_dirs": "Cweating tempowawy diwectowies...",
    "review_settings": "These awe the settings you sewected. If you w-want t-to p-pwoceed, pwess Entew. If nyot, exit the pwogwam (Q ow Ctww+C) (・`ω´・)",
    "convert_progress": "Convewting {framecount} fwames to webm (frames {startframe}-{endframe} / {batch_size}) - {percent}%"
}
